回答ID	回答日時	性別	年代	総合満足度	推薦度	利用頻度	最もよく使う機能	改善してほしい点（自由回答）	その他コメント（自由回答）
1	2024-12-01 10:23	男性	30代	4	8	週2〜3回	ダッシュボード	グラフの種類をもっと増やしてほしい。特に散布図が欲しい。	全体的に使いやすく満足しています。
2	2024-12-01 11:45	女性	20代	5	9	毎日	レポート出力	特になし	直感的に操作できて助かっています。チームでも共有したい。
3	2024-12-01 14:02	男性	40代	3	5	週1回	データ取込	読み込みが遅いときがある。大量データのパフォーマンス改善を期待したい。	機能は充実しているが動作の安定性が課題に感じる。
4	2024-12-02 09:15	女性	30代	4	7	週2〜3回	フィルター機能	複数条件のフィルターをもっと柔軟に設定できると嬉しい。	営業会議の資料作成に毎週使っています。
5	2024-12-02 10:58	男性	50代	2	3	月1〜2回	ダッシュボード	UIが複雑で最初は戸惑った。チュートリアルがあると良い。	慣れるまでに時間がかかった。
6	2024-12-02 13:30	男性	30代	5	10	毎日	グラフ作成	強いて言えばモバイル対応してほしい。	営業KPIの可視化に活用していて非常に便利です。
7	2024-12-03 08:45	女性	40代	4	8	週2〜3回	レポート出力	PDFの出力レイアウトが崩れることがある。	データ共有がスムーズになりチーム内の連携が改善されました。
8	2024-12-03 11:20	男性	20代	3	6	週1回	データ取込	Googleスプレッドシート以外のデータソースにも対応してほしい。	シンプルで良いが機能の拡張に期待している。
9	2024-12-04 09:05	女性	20代	5	9	毎日	フィルター機能	特になし	毎朝の数字確認に使っています。表示速度も速くて快適です。
10	2024-12-04 10:40	男性	40代	4	7	週2〜3回	ダッシュボード	ウィジェットのサイズ変更がもう少し細かくできると良い。	部門横断のKPI管理に重宝しています。
11	2024-12-05 13:15	女性	30代	3	5	月1〜2回	グラフ作成	色のカスタマイズがしたい。ブランドカラーに合わせたい。	機能は十分だが自由度がもっと欲しい。
12	2024-12-05 15:30	男性	50代	4	8	週1回	レポート出力	操作ログや変更履歴が確認できると安心できる。	経営会議向けのサマリー作成に使っています。
13	2024-12-06 09:50	女性	40代	5	10	毎日	ダッシュボード	特になし	リアルタイムで数字が確認できるのは本当に助かります。
14	2024-12-06 11:05	男性	30代	2	4	月1〜2回	データ取込	エラーメッセージが分かりにくい。何が原因なのか判断が難しい。	サポートへの問い合わせ対応が丁寧だった点は評価しています。
15	2024-12-07 10:20	女性	20代	4	8	週2〜3回	グラフ作成	グラフを共有URLで外部に公開できる機能があると嬉しい。	デザインがシンプルで見やすいです。
16	2024-12-08 14:00	男性	40代	5	9	毎日	フィルター機能	特になし	データドリブンな意思決定ができるようになりました。
17	2024-12-09 09:35	女性	50代	3	6	週1回	レポート出力	印刷時の余白設定が細かく調整できると良い。	紙での報告資料作成にも使っています。
18	2024-12-10 11:50	男性	30代	4	7	週2〜3回	ダッシュボード	通知機能（目標未達時のアラートなど）があると便利。	目標管理ダッシュボードとして活用中です。
19	2024-12-11 13:40	女性	30代	5	10	毎日	グラフ作成	特になし	グラフの見た目がきれいで、社内プレゼンに好評です。
20	2024-12-12 10:10	男性	20代	4	8	週2〜3回	データ取込	大量データを扱うときの読み込み速度をもっと改善してほしい。	開発のペースが速く、機能追加が楽しみです。
21	2024-12-13 09:00	女性	40代	3	5	月1〜2回	フィルター機能	設定項目が多くどこで何ができるか分かりにくい。整理してほしい。	もう少しシンプルになると使いやすいと思う。
22	2024-12-14 14:25	男性	50代	4	7	週1回	ダッシュボード	ダッシュボードのテンプレートがあると導入しやすい。	初期設定に手間取ったが今は問題なく使えています。
